{"cameraMode":{"drawMode":0,"name":"Shaded","section":"Shading Mode"},"sceneLighting":false,"audioPlay":false,"sceneViewState":{"m_AlwaysRefresh":false,"showFog":true,"showSkybox":false,"showFlares":true,"showImageEffects":true,"showParticleSystems":true,"showVisualEffectGraphs":true,"m_FxEnabled":false},"in2DMode":false,"pivot":{"x":0.018885239958763124,"y":0.4029477536678314,"z":-2.2529609203338625},"rotation":{"x":0.020504068583250047,"y":-0.978236734867096,"z":0.14990530908107758,"w":0.14473271369934083},"size":2.0809428691864015,"orthographic":false}