{"cameraMode":{"drawMode":0,"name":"Shaded","section":"Shading Mode"},"sceneLighting":false,"audioPlay":false,"sceneViewState":{"m_AlwaysRefresh":false,"showFog":true,"showSkybox":false,"showFlares":true,"showImageEffects":true,"showParticleSystems":true,"showVisualEffectGraphs":true,"m_FxEnabled":false},"in2DMode":false,"pivot":{"x":-17.053302764892579,"y":4.483550071716309,"z":6.464970111846924},"rotation":{"x":-0.006559593137353659,"y":-0.9749460816383362,"z":0.020368564873933793,"w":-0.22294211387634278},"size":1.528494954109192,"orthographic":false}