{"cameraMode":{"drawMode":0,"name":"Shaded","section":"Shading Mode"},"sceneLighting":true,"audioPlay":false,"sceneViewState":{"m_AlwaysRefresh":false,"showFog":true,"showSkybox":true,"showFlares":true,"showImageEffects":true,"showParticleSystems":true,"showVisualEffectGraphs":true,"m_FxEnabled":false},"in2DMode":false,"pivot":{"x":4.863961219787598,"y":0.6799190044403076,"z":-3.524318218231201},"rotation":{"x":0.24354039132595063,"y":-0.06546266376972199,"z":0.015937088057398797,"w":0.9685322046279907},"size":1.1690237522125245,"orthographic":false}