{"cameraMode":{"drawMode":0,"name":"Shaded","section":"Shading Mode"},"sceneLighting":true,"audioPlay":false,"sceneViewState":{"m_AlwaysRefresh":false,"showFog":true,"showSkybox":true,"showFlares":true,"showImageEffects":true,"showParticleSystems":true,"showVisualEffectGraphs":true,"m_FxEnabled":false},"in2DMode":false,"pivot":{"x":10.399519920349121,"y":3.9832122325897219,"z":2.869647979736328},"rotation":{"x":0.1185537651181221,"y":0.032208409160375598,"z":-0.0022284635342657568,"w":0.992686927318573},"size":1.5403251647949219,"orthographic":false}