{"cameraMode":{"drawMode":0,"name":"Shaded","section":"Shading Mode"},"sceneLighting":true,"audioPlay":false,"sceneViewState":{"m_AlwaysRefresh":false,"showFog":true,"showSkybox":true,"showFlares":true,"showImageEffects":true,"showParticleSystems":true,"showVisualEffectGraphs":true,"m_FxEnabled":false},"in2DMode":false,"pivot":{"x":-2.003995656967163,"y":0.8891974687576294,"z":6.2617950439453129},"rotation":{"x":-0.26122361421585085,"y":-0.10353447496891022,"z":0.028082499280571939,"w":-0.9594426155090332},"size":0.8660253882408142,"orthographic":false}