{"cameraMode":{"drawMode":0,"name":"Shaded","section":"Shading Mode"},"sceneLighting":true,"audioPlay":false,"sceneViewState":{"m_AlwaysRefresh":false,"showFog":true,"showSkybox":true,"showFlares":true,"showImageEffects":true,"showParticleSystems":true,"showVisualEffectGraphs":true,"m_FxEnabled":false},"in2DMode":false,"pivot":{"x":0.4358701705932617,"y":1.7044613361358643,"z":6.697742938995361},"rotation":{"x":-0.09884639084339142,"y":-0.09591839462518692,"z":0.008121193386614323,"w":-0.9906508922576904},"size":1.5702744722366334,"orthographic":false}